{
  "config": {
    "model_label": "LogRegRaw",
    "C": 1.0,
    "max_iter": 200,
    "feature_mode": "raw",
    "pca_dim": 256,
    "solver": "saga"
  },
  "train_metrics": {
    "accuracy": 0.5103733333333333,
    "macro_precision": 0.5076492768073486,
    "macro_recall": 0.5103733333333333,
    "macro_f1": 0.5083293045443067,
    "per_class": {
      "airplane": {
        "precision": 0.5394076305220884,
        "recall": 0.5730666666666666,
        "f1": 0.5557279544866822,
        "support": 3750
      },
      "automobile": {
        "precision": 0.5610755441741357,
        "recall": 0.5842666666666667,
        "f1": 0.5724363161332462,
        "support": 3750
      },
      "bird": {
        "precision": 0.4328899637243047,
        "recall": 0.3818666666666667,
        "f1": 0.4057806744120147,
        "support": 3750
      },
      "cat": {
        "precision": 0.4060213843556556,
        "recall": 0.3848,
        "f1": 0.3951259583789704,
        "support": 3750
      },
      "deer": {
        "precision": 0.4816833181955798,
        "recall": 0.4242666666666667,
        "f1": 0.45115553665107044,
        "support": 3750
      },
      "dog": {
        "precision": 0.4458154506437768,
        "recall": 0.4432,
        "f1": 0.44450387804225727,
        "support": 3750
      },
      "frog": {
        "precision": 0.516051170649288,
        "recall": 0.5701333333333334,
        "f1": 0.5417458507538325,
        "support": 3750
      },
      "horse": {
        "precision": 0.5631679912304741,
        "recall": 0.548,
        "f1": 0.5554804703338289,
        "support": 3750
      },
      "ship": {
        "precision": 0.5821620240224892,
        "recall": 0.6074666666666667,
        "f1": 0.5945452172778285,
        "support": 3750
      },
      "truck": {
        "precision": 0.548218290555694,
        "recall": 0.5866666666666667,
        "f1": 0.566791188973335,
        "support": 3750
      }
    }
  },
  "val_metrics": {
    "accuracy": 0.37984,
    "macro_precision": 0.3772150920263201,
    "macro_recall": 0.37984000000000007,
    "macro_f1": 0.37821098698202893,
    "per_class": {
      "airplane": {
        "precision": 0.4327440430438125,
        "recall": 0.4504,
        "f1": 0.4413955311642493,
        "support": 1250
      },
      "automobile": {
        "precision": 0.4304381245196003,
        "recall": 0.448,
        "f1": 0.4390435123480988,
        "support": 1250
      },
      "bird": {
        "precision": 0.31004366812227074,
        "recall": 0.284,
        "f1": 0.2964509394572025,
        "support": 1250
      },
      "cat": {
        "precision": 0.2609427609427609,
        "recall": 0.248,
        "f1": 0.25430680885972107,
        "support": 1250
      },
      "deer": {
        "precision": 0.32711111111111113,
        "recall": 0.2944,
        "f1": 0.3098947368421053,
        "support": 1250
      },
      "dog": {
        "precision": 0.2966507177033493,
        "recall": 0.2976,
        "f1": 0.2971246006389776,
        "support": 1250
      },
      "frog": {
        "precision": 0.3604135893648449,
        "recall": 0.3904,
        "f1": 0.37480798771121354,
        "support": 1250
      },
      "horse": {
        "precision": 0.43790849673202614,
        "recall": 0.4288,
        "f1": 0.4333063864187551,
        "support": 1250
      },
      "ship": {
        "precision": 0.48575712143928035,
        "recall": 0.5184,
        "f1": 0.5015479876160991,
        "support": 1250
      },
      "truck": {
        "precision": 0.4301412872841444,
        "recall": 0.4384,
        "f1": 0.43423137876386686,
        "support": 1250
      }
    }
  },
  "weights_path": "/Users/anishsajja/Documents/GitHub/CS178-goop-squad-CIFAR10/outputs/model_weights/logregraw_best.pkl"
}